Random ID,Team,Task,Methodology,#Asms,Time real,JIT Synth. time,JIT size
1243,3,Patrolling,Incremental,16,670.8,595.6,344149.4
1284,4,Deliveries,Incremental,7,547820.6,83072.6,9720391
1335,10,Deliveries,Incremental,11,311203.3,38051.1,13045179
1733,6,Catching Intruder,Incremental,8,5060.4,288.2,1472002
1984,2,Patrolling,Modular,22,66024,29416.5,4676456
2109,4,Patrolling,Modular,22,98715.8,78584,16021240
2111,9,Deliveries,Modular,11,233047.5,30645.2,12593869
2725,5,Escaping Guard,Incremental,6,131.6,117.9,290832.8
2856,11,Escaping Guard,Incremental,12,1241,301.5,660337.4
2952,1,Catching Intruder,Modular,8,11082.1,3458.5,2395330
3366,9,Escaping Guard,Incremental,12,1090.7,222,573452.7
3403,11,Catching Intruder,Modular,15,2773.8,1149.7,1403893
3433,4,Escaping Guard,Modular,4,578.7,206.8,488800
3722,11,Patrolling,Incremental,16,9254.5,895.8,747768.8
3792,5,Catching Intruder,Modular,9,4590.2,1489.9,1328190
3857,8,Deliveries,Incremental,11,134752.1,21705.4,2882864
3990,3,Catching Intruder,Modular,13,6297,2308.7,2034429
4902,2,Escaping Guard,Modular,12,1666.6,431.5,666649
5197,8,Catching Intruder,Incremental,13,5.3,623.7,534035.1
5325,11,Deliveries,Modular,11,192891.4,19108.1,7046977
6068,7,Catching Intruder,Modular,5,16382.2,5189.5,3373104
6135,5,Patrolling,Incremental,28,281278.7,215403.3,25074918
6203,1,Deliveries,Modular,9,171270.8,8146.2,4723741
6269,6,Deliveries,Incremental,9,478383.7,60114,8084568
6447,7,Escaping Guard,Incremental,7,354.6,134.2,415261.7
6927,8,Patrolling,Modular,15,171694.7,322.2,467515.2
7609,2,Catching Intruder,Incremental,15,4037.6,906.8,1406490
7628,7,Patrolling,Incremental,23,54418,59126.9,7948407
7972,3,Deliveries,Modular,11,36033.1,11721.6,3951434
8045,10,Catching Intruder,Incremental,5,16305.5,5204.1,2807182
8059,9,Patrolling,Incremental,17,2310.5,1191,613721.6
8393,1,Patrolling,Incremental,8,63610.8,48458.2,9703266
8412,8,Escaping Guard,Modular,8,314.9,121.8,373010
8605,4,Catching Intruder,Incremental,4,2583.1,945.8,1310623
8606,10,Patrolling,Modular,12,5225.2,2753.1,2191974
8841,2,Deliveries,Incremental,11,253392.1,22591.1,7486395
9027,6,Patrolling,Modular,21,50637.9,32676.9,10416903
9069,6,Escaping Guard,Modular,3,666.5,210.6,496985.4
9106,5,Deliveries,Modular,8,103015.9,6605.1,2526312
9182,3,Escaping Guard,Incremental,7,665.8,230.4,512641
9439,7,Deliveries,Modular,10,91433,11870.6,8257049
9442,9,Catching Intruder,Modular,15,4263.2,1755.3,1407162
9673,1,Escaping Guard,Incremental,3,656.9,407.4,741229.1
9738,10,Escaping Guard,Modular,6,328.3,173.5,436337.7
